[{"model": "admin.logentry", "pk": 1, "fields": {"action_time": "2021-06-10T16:45:19.180Z", "user": 1, "content_type": 11, "object_id": "1", "object_repr": "Block object (1)", "action_flag": 1, "change_message": "[{\"added\": {}}]"}}, {"model": "admin.logentry", "pk": 2, "fields": {"action_time": "2021-06-10T16:45:23.719Z", "user": 1, "content_type": 11, "object_id": "2", "object_repr": "Block object (2)", "action_flag": 1, "change_message": "[{\"added\": {}}]"}}, {"model": "admin.logentry", "pk": 3, "fields": {"action_time": "2021-06-10T16:45:27.155Z", "user": 1, "content_type": 11, "object_id": "3", "object_repr": "Block object (3)", "action_flag": 1, "change_message": "[{\"added\": {}}]"}}, {"model": "admin.logentry", "pk": 4, "fields": {"action_time": "2021-06-10T16:45:30.747Z", "user": 1, "content_type": 11, "object_id": "4", "object_repr": "Block object (4)", "action_flag": 1, "change_message": "[{\"added\": {}}]"}}, {"model": "admin.logentry", "pk": 5, "fields": {"action_time": "2021-06-10T16:50:11.160Z", "user": 1, "content_type": 9, "object_id": "1", "object_repr": "Room object (1)", "action_flag": 1, "change_message": "[{\"added\": {}}]"}}, {"model": "admin.logentry", "pk": 6, "fields": {"action_time": "2021-06-10T16:50:44.126Z", "user": 1, "content_type": 9, "object_id": "2", "object_repr": "Room object (2)", "action_flag": 1, "change_message": "[{\"added\": {}}]"}}, {"model": "admin.logentry", "pk": 7, "fields": {"action_time": "2021-06-10T17:35:00.573Z", "user": 1, "content_type": 7, "object_id": "1", "object_repr": "7A1", "action_flag": 1, "change_message": "[{\"added\": {}}]"}}, {"model": "admin.logentry", "pk": 8, "fields": {"action_time": "2021-06-10T17:35:18.310Z", "user": 1, "content_type": 7, "object_id": "2", "object_repr": "7A2", "action_flag": 1, "change_message": "[{\"added\": {}}]"}}, {"model": "admin.logentry", "pk": 9, "fields": {"action_time": "2021-06-10T17:35:29.361Z", "user": 1, "content_type": 7, "object_id": "3", "object_repr": "7A3", "action_flag": 1, "change_message": "[{\"added\": {}}]"}}, {"model": "admin.logentry", "pk": 10, "fields": {"action_time": "2021-06-10T17:35:54.359Z", "user": 1, "content_type": 7, "object_id": "4", "object_repr": "7B1", "action_flag": 1, "change_message": "[{\"added\": {}}]"}}, {"model": "admin.logentry", "pk": 11, "fields": {"action_time": "2021-06-10T17:36:30.977Z", "user": 1, "content_type": 7, "object_id": "5", "object_repr": "7B2", "action_flag": 1, "change_message": "[{\"added\": {}}]"}}, {"model": "admin.logentry", "pk": 12, "fields": {"action_time": "2021-06-10T17:36:44.947Z", "user": 1, "content_type": 7, "object_id": "6", "object_repr": "7B3", "action_flag": 1, "change_message": "[{\"added\": {}}]"}}, {"model": "admin.logentry", "pk": 13, "fields": {"action_time": "2021-06-10T17:37:01.477Z", "user": 1, "content_type": 12, "object_id": "1", "object_repr": "Yr7", "action_flag": 1, "change_message": "[{\"added\": {}}]"}}, {"model": "admin.logentry", "pk": 14, "fields": {"action_time": "2021-06-10T17:40:55.692Z", "user": 1, "content_type": 8, "object_id": "1", "object_repr": "Science", "action_flag": 1, "change_message": "[{\"added\": {}}]"}}, {"model": "admin.logentry", "pk": 15, "fields": {"action_time": "2021-06-10T17:43:11.460Z", "user": 1, "content_type": 8, "object_id": "2", "object_repr": "Maths", "action_flag": 1, "change_message": "[{\"added\": {}}]"}}, {"model": "admin.logentry", "pk": 16, "fields": {"action_time": "2021-06-10T17:50:54.789Z", "user": 1, "content_type": 8, "object_id": "3", "object_repr": "English - Yr7", "action_flag": 1, "change_message": "[{\"added\": {}}]"}}, {"model": "admin.logentry", "pk": 17, "fields": {"action_time": "2021-06-10T18:02:11.739Z", "user": 1, "content_type": 10, "object_id": "1", "object_repr": "Teacher object (1)", "action_flag": 1, "change_message": "[{\"added\": {}}]"}}, {"model": "admin.logentry", "pk": 18, "fields": {"action_time": "2021-06-10T18:04:38.500Z", "user": 1, "content_type": 10, "object_id": "2", "object_repr": "Mr Swift", "action_flag": 1, "change_message": "[{\"added\": {}}]"}}, {"model": "admin.logentry", "pk": 19, "fields": {"action_time": "2021-06-10T18:08:20.539Z", "user": 1, "content_type": 13, "object_id": "1", "object_repr": "Timeslot object (1)", "action_flag": 1, "change_message": "[{\"added\": {}}]"}}, {"model": "admin.logentry", "pk": 20, "fields": {"action_time": "2021-06-10T18:19:07.175Z", "user": 1, "content_type": 10, "object_id": "3", "object_repr": "Fake Teacher", "action_flag": 1, "change_message": "[{\"added\": {}}]"}}, {"model": "admin.logentry", "pk": 21, "fields": {"action_time": "2021-06-10T18:21:48.684Z", "user": 1, "content_type": 13, "object_id": "2", "object_repr": "Timeslot object (2)", "action_flag": 1, "change_message": "[{\"added\": {}}]"}}, {"model": "admin.logentry", "pk": 22, "fields": {"action_time": "2021-06-10T18:23:08.664Z", "user": 1, "content_type": 10, "object_id": "3", "object_repr": "Fake Teacher", "action_flag": 3, "change_message": ""}}, {"model": "admin.logentry", "pk": 23, "fields": {"action_time": "2021-06-11T18:59:35.259Z", "user": 1, "content_type": 8, "object_id": "4", "object_repr": "Computer Science - Yr7", "action_flag": 1, "change_message": "[{\"added\": {}}]"}}, {"model": "admin.logentry", "pk": 24, "fields": {"action_time": "2021-06-15T18:23:18.172Z", "user": 1, "content_type": 12, "object_id": "2", "object_repr": "Yr8", "action_flag": 1, "change_message": "[{\"added\": {}}]"}}, {"model": "admin.logentry", "pk": 25, "fields": {"action_time": "2021-06-15T18:23:24.033Z", "user": 1, "content_type": 12, "object_id": "3", "object_repr": "Yr9", "action_flag": 1, "change_message": "[{\"added\": {}}]"}}, {"model": "admin.logentry", "pk": 26, "fields": {"action_time": "2021-06-15T18:24:33.989Z", "user": 1, "content_type": 12, "object_id": "4", "object_repr": "Yr10", "action_flag": 1, "change_message": "[{\"added\": {}}]"}}, {"model": "admin.logentry", "pk": 27, "fields": {"action_time": "2021-06-15T18:24:40.958Z", "user": 1, "content_type": 12, "object_id": "5", "object_repr": "Yr11", "action_flag": 1, "change_message": "[{\"added\": {}}]"}}, {"model": "admin.logentry", "pk": 28, "fields": {"action_time": "2021-06-15T18:24:48.605Z", "user": 1, "content_type": 12, "object_id": "6", "object_repr": "Yr12", "action_flag": 1, "change_message": "[{\"added\": {}}]"}}, {"model": "admin.logentry", "pk": 29, "fields": {"action_time": "2021-06-15T18:24:55.134Z", "user": 1, "content_type": 12, "object_id": "7", "object_repr": "Yr13", "action_flag": 1, "change_message": "[{\"added\": {}}]"}}, {"model": "admin.logentry", "pk": 30, "fields": {"action_time": "2021-06-15T18:25:22.139Z", "user": 1, "content_type": 12, "object_id": "7", "object_repr": "Yr13", "action_flag": 3, "change_message": ""}}, {"model": "admin.logentry", "pk": 31, "fields": {"action_time": "2021-06-15T18:25:22.339Z", "user": 1, "content_type": 12, "object_id": "6", "object_repr": "Yr12", "action_flag": 3, "change_message": ""}}, {"model": "admin.logentry", "pk": 32, "fields": {"action_time": "2021-06-15T18:43:02.843Z", "user": 1, "content_type": 7, "object_id": "22", "object_repr": "11B2", "action_flag": 3, "change_message": ""}}, {"model": "admin.logentry", "pk": 33, "fields": {"action_time": "2021-06-15T18:43:03.272Z", "user": 1, "content_type": 7, "object_id": "21", "object_repr": "11A2", "action_flag": 3, "change_message": ""}}, {"model": "admin.logentry", "pk": 34, "fields": {"action_time": "2021-06-15T18:43:03.529Z", "user": 1, "content_type": 7, "object_id": "20", "object_repr": "11B1", "action_flag": 3, "change_message": ""}}, {"model": "admin.logentry", "pk": 35, "fields": {"action_time": "2021-06-15T18:43:03.689Z", "user": 1, "content_type": 7, "object_id": "19", "object_repr": "11A1", "action_flag": 3, "change_message": ""}}, {"model": "admin.logentry", "pk": 36, "fields": {"action_time": "2021-06-15T18:43:03.869Z", "user": 1, "content_type": 7, "object_id": "18", "object_repr": "10B2", "action_flag": 3, "change_message": ""}}, {"model": "admin.logentry", "pk": 37, "fields": {"action_time": "2021-06-15T18:43:04.185Z", "user": 1, "content_type": 7, "object_id": "17", "object_repr": "10A2", "action_flag": 3, "change_message": ""}}, {"model": "admin.logentry", "pk": 38, "fields": {"action_time": "2021-06-15T18:43:04.375Z", "user": 1, "content_type": 7, "object_id": "16", "object_repr": "10B1", "action_flag": 3, "change_message": ""}}, {"model": "admin.logentry", "pk": 39, "fields": {"action_time": "2021-06-15T18:43:04.516Z", "user": 1, "content_type": 7, "object_id": "15", "object_repr": "10A1", "action_flag": 3, "change_message": ""}}, {"model": "admin.logentry", "pk": 40, "fields": {"action_time": "2021-06-15T18:43:04.641Z", "user": 1, "content_type": 7, "object_id": "14", "object_repr": "9B2", "action_flag": 3, "change_message": ""}}, {"model": "admin.logentry", "pk": 41, "fields": {"action_time": "2021-06-15T18:43:04.855Z", "user": 1, "content_type": 7, "object_id": "13", "object_repr": "9A2", "action_flag": 3, "change_message": ""}}, {"model": "admin.logentry", "pk": 42, "fields": {"action_time": "2021-06-15T18:43:04.975Z", "user": 1, "content_type": 7, "object_id": "12", "object_repr": "9B1", "action_flag": 3, "change_message": ""}}, {"model": "admin.logentry", "pk": 43, "fields": {"action_time": "2021-06-15T18:43:05.232Z", "user": 1, "content_type": 7, "object_id": "11", "object_repr": "9A1", "action_flag": 3, "change_message": ""}}, {"model": "admin.logentry", "pk": 44, "fields": {"action_time": "2021-06-15T18:43:05.604Z", "user": 1, "content_type": 7, "object_id": "10", "object_repr": "8B2", "action_flag": 3, "change_message": ""}}, {"model": "admin.logentry", "pk": 45, "fields": {"action_time": "2021-06-15T18:43:05.824Z", "user": 1, "content_type": 7, "object_id": "9", "object_repr": "8A2", "action_flag": 3, "change_message": ""}}, {"model": "admin.logentry", "pk": 46, "fields": {"action_time": "2021-06-15T18:43:05.945Z", "user": 1, "content_type": 7, "object_id": "8", "object_repr": "8B1", "action_flag": 3, "change_message": ""}}, {"model": "admin.logentry", "pk": 47, "fields": {"action_time": "2021-06-15T18:43:06.103Z", "user": 1, "content_type": 7, "object_id": "7", "object_repr": "8A1", "action_flag": 3, "change_message": ""}}, {"model": "admin.logentry", "pk": 48, "fields": {"action_time": "2021-06-15T18:52:38.975Z", "user": 1, "content_type": 12, "object_id": "5", "object_repr": "Yr11", "action_flag": 2, "change_message": "[{\"changed\": {\"fields\": [\"Classes\"]}}]"}}, {"model": "admin.logentry", "pk": 49, "fields": {"action_time": "2021-06-15T18:52:48.490Z", "user": 1, "content_type": 12, "object_id": "4", "object_repr": "Yr10", "action_flag": 2, "change_message": "[{\"changed\": {\"fields\": [\"Classes\"]}}]"}}, {"model": "admin.logentry", "pk": 50, "fields": {"action_time": "2021-06-15T18:52:58.153Z", "user": 1, "content_type": 12, "object_id": "3", "object_repr": "Yr9", "action_flag": 2, "change_message": "[{\"changed\": {\"fields\": [\"Classes\"]}}]"}}, {"model": "admin.logentry", "pk": 51, "fields": {"action_time": "2021-06-15T18:53:07.090Z", "user": 1, "content_type": 12, "object_id": "2", "object_repr": "Yr8", "action_flag": 2, "change_message": "[{\"changed\": {\"fields\": [\"Classes\"]}}]"}}, {"model": "admin.logentry", "pk": 52, "fields": {"action_time": "2021-06-15T18:57:22.414Z", "user": 1, "content_type": 8, "object_id": "1", "object_repr": "Science - Yr7", "action_flag": 2, "change_message": "[{\"changed\": {\"fields\": [\"Count\"]}}]"}}, {"model": "admin.logentry", "pk": 53, "fields": {"action_time": "2021-06-15T18:57:30.857Z", "user": 1, "content_type": 8, "object_id": "2", "object_repr": "Maths - Yr7", "action_flag": 2, "change_message": "[]"}}, {"model": "admin.logentry", "pk": 54, "fields": {"action_time": "2021-06-15T18:57:44.077Z", "user": 1, "content_type": 8, "object_id": "3", "object_repr": "English - Yr7", "action_flag": 2, "change_message": "[{\"changed\": {\"fields\": [\"Count\"]}}]"}}, {"model": "admin.logentry", "pk": 55, "fields": {"action_time": "2021-06-15T18:58:04.164Z", "user": 1, "content_type": 8, "object_id": "4", "object_repr": "Computer Science - Yr7", "action_flag": 2, "change_message": "[]"}}, {"model": "admin.logentry", "pk": 56, "fields": {"action_time": "2021-06-15T18:58:35.320Z", "user": 1, "content_type": 8, "object_id": "5", "object_repr": "Geography - Yr7", "action_flag": 1, "change_message": "[{\"added\": {}}]"}}, {"model": "admin.logentry", "pk": 57, "fields": {"action_time": "2021-06-15T18:58:56.863Z", "user": 1, "content_type": 8, "object_id": "6", "object_repr": "PSHE - Yr7", "action_flag": 1, "change_message": "[{\"added\": {}}]"}}, {"model": "admin.logentry", "pk": 58, "fields": {"action_time": "2021-06-15T18:59:17.800Z", "user": 1, "content_type": 8, "object_id": "7", "object_repr": "History - Yr7", "action_flag": 1, "change_message": "[{\"added\": {}}]"}}, {"model": "admin.logentry", "pk": 59, "fields": {"action_time": "2021-06-15T19:00:02.737Z", "user": 1, "content_type": 8, "object_id": "8", "object_repr": "Art - Yr7", "action_flag": 1, "change_message": "[{\"added\": {}}]"}}, {"model": "admin.logentry", "pk": 60, "fields": {"action_time": "2021-06-15T19:00:22.402Z", "user": 1, "content_type": 8, "object_id": "9", "object_repr": "AP - Yr7", "action_flag": 1, "change_message": "[{\"added\": {}}]"}}, {"model": "admin.logentry", "pk": 61, "fields": {"action_time": "2021-06-15T19:00:37.088Z", "user": 1, "content_type": 8, "object_id": "10", "object_repr": "MFL - Yr7", "action_flag": 1, "change_message": "[{\"added\": {}}]"}}, {"model": "admin.logentry", "pk": 62, "fields": {"action_time": "2021-06-15T19:01:18.695Z", "user": 1, "content_type": 11, "object_id": "5", "object_repr": "Block 5", "action_flag": 1, "change_message": "[{\"added\": {}}]"}}, {"model": "admin.logentry", "pk": 63, "fields": {"action_time": "2021-06-15T19:01:47.525Z", "user": 1, "content_type": 8, "object_id": "11", "object_repr": "PE/ Dance - Yr7", "action_flag": 1, "change_message": "[{\"added\": {}}]"}}, {"model": "admin.logentry", "pk": 64, "fields": {"action_time": "2021-06-15T19:02:08.070Z", "user": 1, "content_type": 8, "object_id": "12", "object_repr": "Performing Arts/ Music - Yr7", "action_flag": 1, "change_message": "[{\"added\": {}}]"}}, {"model": "admin.logentry", "pk": 65, "fields": {"action_time": "2021-06-16T16:09:07.420Z", "user": 1, "content_type": 9, "object_id": "2", "object_repr": "ComputerRoom - 4U04", "action_flag": 3, "change_message": ""}}, {"model": "admin.logentry", "pk": 66, "fields": {"action_time": "2021-06-16T16:09:07.728Z", "user": 1, "content_type": 9, "object_id": "1", "object_repr": "ClassRoom - 1L15", "action_flag": 3, "change_message": ""}}, {"model": "admin.logentry", "pk": 67, "fields": {"action_time": "2021-06-16T16:09:51.472Z", "user": 1, "content_type": 9, "object_id": "3", "object_repr": "ClassRoom - 1L01", "action_flag": 1, "change_message": "[{\"added\": {}}]"}}, {"model": "admin.logentry", "pk": 68, "fields": {"action_time": "2021-06-16T16:10:18.567Z", "user": 1, "content_type": 9, "object_id": "4", "object_repr": "ClassRoom - 1L02", "action_flag": 1, "change_message": "[{\"added\": {}}]"}}, {"model": "admin.logentry", "pk": 69, "fields": {"action_time": "2021-06-16T16:10:35.574Z", "user": 1, "content_type": 9, "object_id": "5", "object_repr": "ClassRoom - 1L07", "action_flag": 1, "change_message": "[{\"added\": {}}]"}}, {"model": "admin.logentry", "pk": 70, "fields": {"action_time": "2021-06-16T16:11:15.333Z", "user": 1, "content_type": 9, "object_id": "6", "object_repr": "ClassRoom - 1L08", "action_flag": 1, "change_message": "[{\"added\": {}}]"}}, {"model": "admin.logentry", "pk": 71, "fields": {"action_time": "2021-06-16T16:11:30.629Z", "user": 1, "content_type": 9, "object_id": "7", "object_repr": "ClassRoom - 1L10", "action_flag": 1, "change_message": "[{\"added\": {}}]"}}, {"model": "admin.logentry", "pk": 72, "fields": {"action_time": "2021-06-16T16:14:45.284Z", "user": 1, "content_type": 9, "object_id": "8", "object_repr": "ClassRoom - 1L11", "action_flag": 1, "change_message": "[{\"added\": {}}]"}}, {"model": "admin.logentry", "pk": 73, "fields": {"action_time": "2021-06-16T16:14:59.523Z", "user": 1, "content_type": 9, "object_id": "9", "object_repr": "ClassRoom - 1L15", "action_flag": 1, "change_message": "[{\"added\": {}}]"}}, {"model": "admin.logentry", "pk": 74, "fields": {"action_time": "2021-06-16T16:19:10.938Z", "user": 1, "content_type": 9, "object_id": "10", "object_repr": "ComputerRoom - 1L25", "action_flag": 1, "change_message": "[{\"added\": {}}]"}}, {"model": "admin.logentry", "pk": 75, "fields": {"action_time": "2021-06-16T16:29:00.770Z", "user": 1, "content_type": 9, "object_id": "3", "object_repr": "ClassRoom - 1L01", "action_flag": 2, "change_message": "[{\"changed\": {\"fields\": [\"Description\"]}}]"}}, {"model": "admin.logentry", "pk": 76, "fields": {"action_time": "2021-06-16T16:29:18.021Z", "user": 1, "content_type": 9, "object_id": "4", "object_repr": "ClassRoom - 1L02", "action_flag": 2, "change_message": "[{\"changed\": {\"fields\": [\"Description\"]}}]"}}, {"model": "admin.logentry", "pk": 77, "fields": {"action_time": "2021-06-16T16:29:28.167Z", "user": 1, "content_type": 9, "object_id": "5", "object_repr": "ClassRoom - 1L07", "action_flag": 2, "change_message": "[{\"changed\": {\"fields\": [\"Description\"]}}]"}}, {"model": "admin.logentry", "pk": 78, "fields": {"action_time": "2021-06-16T16:29:34.803Z", "user": 1, "content_type": 9, "object_id": "6", "object_repr": "ClassRoom - 1L08", "action_flag": 2, "change_message": "[{\"changed\": {\"fields\": [\"Description\"]}}]"}}, {"model": "admin.logentry", "pk": 79, "fields": {"action_time": "2021-06-16T16:29:41.726Z", "user": 1, "content_type": 9, "object_id": "7", "object_repr": "ClassRoom - 1L10", "action_flag": 2, "change_message": "[{\"changed\": {\"fields\": [\"Description\"]}}]"}}, {"model": "admin.logentry", "pk": 80, "fields": {"action_time": "2021-06-16T16:29:50.463Z", "user": 1, "content_type": 9, "object_id": "8", "object_repr": "ClassRoom - 1L11", "action_flag": 2, "change_message": "[{\"changed\": {\"fields\": [\"Description\"]}}]"}}, {"model": "admin.logentry", "pk": 81, "fields": {"action_time": "2021-06-16T16:30:01.233Z", "user": 1, "content_type": 9, "object_id": "9", "object_repr": "ClassRoom - 1L15", "action_flag": 2, "change_message": "[{\"changed\": {\"fields\": [\"Description\"]}}]"}}, {"model": "admin.logentry", "pk": 82, "fields": {"action_time": "2021-06-16T16:30:22.344Z", "user": 1, "content_type": 9, "object_id": "10", "object_repr": "ComputerRoom - 1L25", "action_flag": 2, "change_message": "[{\"changed\": {\"fields\": [\"Description\"]}}]"}}, {"model": "admin.logentry", "pk": 83, "fields": {"action_time": "2021-06-16T16:31:57.572Z", "user": 1, "content_type": 9, "object_id": "11", "object_repr": "ComputerRoom - 1L26", "action_flag": 1, "change_message": "[{\"added\": {}}]"}}, {"model": "admin.logentry", "pk": 84, "fields": {"action_time": "2021-06-16T16:32:19.758Z", "user": 1, "content_type": 9, "object_id": "12", "object_repr": "ClassRoom - 1L27", "action_flag": 1, "change_message": "[{\"added\": {}}]"}}, {"model": "admin.logentry", "pk": 85, "fields": {"action_time": "2021-06-16T16:32:39.540Z", "user": 1, "content_type": 9, "object_id": "13", "object_repr": "ComputerRoom - 1L29", "action_flag": 1, "change_message": "[{\"added\": {}}]"}}, {"model": "admin.logentry", "pk": 86, "fields": {"action_time": "2021-06-16T16:32:48.253Z", "user": 1, "content_type": 9, "object_id": "12", "object_repr": "ClassRoom - 1L27", "action_flag": 2, "change_message": "[{\"changed\": {\"fields\": [\"Capacity\"]}}]"}}, {"model": "admin.logentry", "pk": 87, "fields": {"action_time": "2021-06-16T16:33:41.922Z", "user": 1, "content_type": 9, "object_id": "14", "object_repr": "ClassRoom - 1L30", "action_flag": 1, "change_message": "[{\"added\": {}}]"}}, {"model": "admin.logentry", "pk": 88, "fields": {"action_time": "2021-06-16T16:34:00.688Z", "user": 1, "content_type": 9, "object_id": "15", "object_repr": "ClassRoom - 1L37", "action_flag": 1, "change_message": "[{\"added\": {}}]"}}, {"model": "admin.logentry", "pk": 89, "fields": {"action_time": "2021-06-16T16:34:21.855Z", "user": 1, "content_type": 9, "object_id": "16", "object_repr": "ClassRoom - 1L39", "action_flag": 1, "change_message": "[{\"added\": {}}]"}}, {"model": "admin.logentry", "pk": 90, "fields": {"action_time": "2021-06-16T16:34:43.591Z", "user": 1, "content_type": 9, "object_id": "17", "object_repr": "ClassRoom - 1L40", "action_flag": 1, "change_message": "[{\"added\": {}}]"}}, {"model": "admin.logentry", "pk": 91, "fields": {"action_time": "2021-06-16T16:35:29.061Z", "user": 1, "content_type": 9, "object_id": "18", "object_repr": "ClassRoom - 1L47", "action_flag": 1, "change_message": "[{\"added\": {}}]"}}, {"model": "admin.logentry", "pk": 92, "fields": {"action_time": "2021-06-16T16:35:47.024Z", "user": 1, "content_type": 9, "object_id": "19", "object_repr": "ComputerRoom - 1L50", "action_flag": 1, "change_message": "[{\"added\": {}}]"}}, {"model": "admin.logentry", "pk": 93, "fields": {"action_time": "2021-06-16T16:37:00.181Z", "user": 1, "content_type": 9, "object_id": "20", "object_repr": "ClassRoom - 1U01", "action_flag": 1, "change_message": "[{\"added\": {}}]"}}, {"model": "admin.logentry", "pk": 94, "fields": {"action_time": "2021-06-16T16:42:32.512Z", "user": 1, "content_type": 9, "object_id": "21", "object_repr": "ClassRoom - 1U02", "action_flag": 1, "change_message": "[{\"added\": {}}]"}}, {"model": "admin.logentry", "pk": 95, "fields": {"action_time": "2021-06-16T16:42:54.073Z", "user": 1, "content_type": 9, "object_id": "22", "object_repr": "ClassRoom - 1U03", "action_flag": 1, "change_message": "[{\"added\": {}}]"}}, {"model": "admin.logentry", "pk": 96, "fields": {"action_time": "2021-06-16T16:43:29.015Z", "user": 1, "content_type": 9, "object_id": "23", "object_repr": "ClassRoom - 1U04", "action_flag": 1, "change_message": "[{\"added\": {}}]"}}, {"model": "admin.logentry", "pk": 97, "fields": {"action_time": "2021-06-16T16:43:59.538Z", "user": 1, "content_type": 9, "object_id": "24", "object_repr": "ClassRoom - 1U05", "action_flag": 1, "change_message": "[{\"added\": {}}]"}}, {"model": "admin.logentry", "pk": 98, "fields": {"action_time": "2021-06-16T16:44:14.350Z", "user": 1, "content_type": 9, "object_id": "25", "object_repr": "ClassRoom - 1U07", "action_flag": 1, "change_message": "[{\"added\": {}}]"}}, {"model": "admin.logentry", "pk": 99, "fields": {"action_time": "2021-06-16T16:44:46.694Z", "user": 1, "content_type": 9, "object_id": "26", "object_repr": "ClassRoom - 1U10", "action_flag": 1, "change_message": "[{\"added\": {}}]"}}, {"model": "admin.logentry", "pk": 100, "fields": {"action_time": "2021-06-16T16:45:18.811Z", "user": 1, "content_type": 9, "object_id": "27", "object_repr": "ClassRoom - 1U11", "action_flag": 1, "change_message": "[{\"added\": {}}]"}}, {"model": "admin.logentry", "pk": 101, "fields": {"action_time": "2021-06-16T16:45:41.947Z", "user": 1, "content_type": 9, "object_id": "28", "object_repr": "ClassRoom - 1U12", "action_flag": 1, "change_message": "[{\"added\": {}}]"}}, {"model": "admin.logentry", "pk": 102, "fields": {"action_time": "2021-06-16T16:46:46.925Z", "user": 1, "content_type": 9, "object_id": "29", "object_repr": "ClassRoom - 1U13", "action_flag": 1, "change_message": "[{\"added\": {}}]"}}, {"model": "admin.logentry", "pk": 103, "fields": {"action_time": "2021-06-16T16:46:57.889Z", "user": 1, "content_type": 9, "object_id": "30", "object_repr": "ClassRoom - 1U14", "action_flag": 1, "change_message": "[{\"added\": {}}]"}}, {"model": "admin.logentry", "pk": 104, "fields": {"action_time": "2021-06-16T16:47:18.226Z", "user": 1, "content_type": 9, "object_id": "31", "object_repr": "ClassRoom - 3L04", "action_flag": 1, "change_message": "[{\"added\": {}}]"}}, {"model": "admin.logentry", "pk": 105, "fields": {"action_time": "2021-06-16T16:48:17.016Z", "user": 1, "content_type": 9, "object_id": "32", "object_repr": "ClassRoom - 3L05", "action_flag": 1, "change_message": "[{\"added\": {}}]"}}, {"model": "admin.logentry", "pk": 106, "fields": {"action_time": "2021-06-16T16:48:56.893Z", "user": 1, "content_type": 9, "object_id": "33", "object_repr": "ComputerRoom - 3L06", "action_flag": 1, "change_message": "[{\"added\": {}}]"}}, {"model": "admin.logentry", "pk": 107, "fields": {"action_time": "2021-06-16T16:49:16.137Z", "user": 1, "content_type": 9, "object_id": "34", "object_repr": "ClassRoom - 3L14", "action_flag": 1, "change_message": "[{\"added\": {}}]"}}, {"model": "admin.logentry", "pk": 108, "fields": {"action_time": "2021-06-16T16:49:47.353Z", "user": 1, "content_type": 9, "object_id": "35", "object_repr": "ClassRoom - 3L15", "action_flag": 1, "change_message": "[{\"added\": {}}]"}}, {"model": "admin.logentry", "pk": 109, "fields": {"action_time": "2021-06-16T16:49:58.105Z", "user": 1, "content_type": 9, "object_id": "36", "object_repr": "ClassRoom - 3L16", "action_flag": 1, "change_message": "[{\"added\": {}}]"}}, {"model": "admin.logentry", "pk": 110, "fields": {"action_time": "2021-06-16T16:50:16.564Z", "user": 1, "content_type": 9, "object_id": "37", "object_repr": "ClassRoom - 3L17", "action_flag": 1, "change_message": "[{\"added\": {}}]"}}, {"model": "admin.logentry", "pk": 111, "fields": {"action_time": "2021-06-16T16:50:41.699Z", "user": 1, "content_type": 9, "object_id": "38", "object_repr": "ClassRoom - 3L18", "action_flag": 1, "change_message": "[{\"added\": {}}]"}}, {"model": "admin.logentry", "pk": 112, "fields": {"action_time": "2021-06-16T16:50:54.837Z", "user": 1, "content_type": 9, "object_id": "39", "object_repr": "ClassRoom - 3L19", "action_flag": 1, "change_message": "[{\"added\": {}}]"}}, {"model": "admin.logentry", "pk": 113, "fields": {"action_time": "2021-06-16T16:51:05.345Z", "user": 1, "content_type": 9, "object_id": "40", "object_repr": "ClassRoom - 3L25", "action_flag": 1, "change_message": "[{\"added\": {}}]"}}, {"model": "admin.logentry", "pk": 114, "fields": {"action_time": "2021-06-16T18:10:49.697Z", "user": 1, "content_type": 9, "object_id": "41", "object_repr": "ClassRoom - 3L26", "action_flag": 1, "change_message": "[{\"added\": {}}]"}}, {"model": "admin.logentry", "pk": 115, "fields": {"action_time": "2021-06-16T18:11:21.561Z", "user": 1, "content_type": 9, "object_id": "42", "object_repr": "ClassRoom - 3U04", "action_flag": 1, "change_message": "[{\"added\": {}}]"}}, {"model": "admin.logentry", "pk": 116, "fields": {"action_time": "2021-06-16T18:11:50.601Z", "user": 1, "content_type": 9, "object_id": "43", "object_repr": "ClassRoom - 3U05", "action_flag": 1, "change_message": "[{\"added\": {}}]"}}, {"model": "admin.logentry", "pk": 117, "fields": {"action_time": "2021-06-16T18:12:16.690Z", "user": 1, "content_type": 9, "object_id": "44", "object_repr": "ClassRoom - 3U06", "action_flag": 1, "change_message": "[{\"added\": {}}]"}}, {"model": "admin.logentry", "pk": 118, "fields": {"action_time": "2021-06-16T18:12:30.504Z", "user": 1, "content_type": 9, "object_id": "45", "object_repr": "ClassRoom - 3U07", "action_flag": 1, "change_message": "[{\"added\": {}}]"}}, {"model": "admin.logentry", "pk": 119, "fields": {"action_time": "2021-06-16T18:12:43.179Z", "user": 1, "content_type": 9, "object_id": "46", "object_repr": "ClassRoom - 3U08", "action_flag": 1, "change_message": "[{\"added\": {}}]"}}, {"model": "admin.logentry", "pk": 120, "fields": {"action_time": "2021-06-16T18:13:10.977Z", "user": 1, "content_type": 9, "object_id": "47", "object_repr": "ClassRoom - 3U17", "action_flag": 1, "change_message": "[{\"added\": {}}]"}}, {"model": "admin.logentry", "pk": 121, "fields": {"action_time": "2021-06-16T18:13:22.083Z", "user": 1, "content_type": 9, "object_id": "48", "object_repr": "ClassRoom - 3U18", "action_flag": 1, "change_message": "[{\"added\": {}}]"}}, {"model": "admin.logentry", "pk": 122, "fields": {"action_time": "2021-06-16T18:13:36.234Z", "user": 1, "content_type": 9, "object_id": "49", "object_repr": "ClassRoom - 3U19", "action_flag": 1, "change_message": "[{\"added\": {}}]"}}, {"model": "admin.logentry", "pk": 123, "fields": {"action_time": "2021-06-16T18:14:16.984Z", "user": 1, "content_type": 9, "object_id": "50", "object_repr": "ClassRoom - 3U20", "action_flag": 1, "change_message": "[{\"added\": {}}]"}}, {"model": "admin.logentry", "pk": 124, "fields": {"action_time": "2021-06-16T18:15:34.811Z", "user": 1, "content_type": 9, "object_id": "51", "object_repr": "ClassRoom - 3U21", "action_flag": 1, "change_message": "[{\"added\": {}}]"}}, {"model": "admin.logentry", "pk": 125, "fields": {"action_time": "2021-06-16T18:16:19.749Z", "user": 1, "content_type": 9, "object_id": "52", "object_repr": "ClassRoom - 3U22", "action_flag": 1, "change_message": "[{\"added\": {}}]"}}, {"model": "admin.logentry", "pk": 126, "fields": {"action_time": "2021-06-16T18:16:32.096Z", "user": 1, "content_type": 9, "object_id": "53", "object_repr": "ComputerRoom - 3U23", "action_flag": 1, "change_message": "[{\"added\": {}}]"}}, {"model": "admin.logentry", "pk": 127, "fields": {"action_time": "2021-06-16T18:16:49.174Z", "user": 1, "content_type": 9, "object_id": "54", "object_repr": "ClassRoom - 3U25", "action_flag": 1, "change_message": "[{\"added\": {}}]"}}, {"model": "admin.logentry", "pk": 128, "fields": {"action_time": "2021-06-16T18:17:14.907Z", "user": 1, "content_type": 9, "object_id": "55", "object_repr": "ClassRoom - 3U26", "action_flag": 1, "change_message": "[{\"added\": {}}]"}}, {"model": "admin.logentry", "pk": 129, "fields": {"action_time": "2021-06-16T18:17:49.678Z", "user": 1, "content_type": 9, "object_id": "56", "object_repr": "ComputerRoom - 4U04", "action_flag": 1, "change_message": "[{\"added\": {}}]"}}, {"model": "admin.logentry", "pk": 130, "fields": {"action_time": "2021-06-16T18:20:12.614Z", "user": 1, "content_type": 9, "object_id": "57", "object_repr": "ClassRoom - 4U05", "action_flag": 1, "change_message": "[{\"added\": {}}]"}}, {"model": "admin.logentry", "pk": 131, "fields": {"action_time": "2021-06-16T18:21:02.192Z", "user": 1, "content_type": 9, "object_id": "58", "object_repr": "ComputerRoom - 4U06", "action_flag": 1, "change_message": "[{\"added\": {}}]"}}, {"model": "admin.logentry", "pk": 132, "fields": {"action_time": "2021-06-16T18:21:16.081Z", "user": 1, "content_type": 9, "object_id": "59", "object_repr": "ClassRoom - 4U07", "action_flag": 1, "change_message": "[{\"added\": {}}]"}}, {"model": "admin.logentry", "pk": 133, "fields": {"action_time": "2021-06-16T18:22:32.637Z", "user": 1, "content_type": 9, "object_id": "60", "object_repr": "ClassRoom - 4U08", "action_flag": 1, "change_message": "[{\"added\": {}}]"}}, {"model": "admin.logentry", "pk": 134, "fields": {"action_time": "2021-06-16T18:23:05.040Z", "user": 1, "content_type": 9, "object_id": "61", "object_repr": "ClassRoom - 4U09", "action_flag": 1, "change_message": "[{\"added\": {}}]"}}, {"model": "admin.logentry", "pk": 135, "fields": {"action_time": "2021-06-16T18:23:48.990Z", "user": 1, "content_type": 9, "object_id": "62", "object_repr": "ClassRoom - 4U10", "action_flag": 1, "change_message": "[{\"added\": {}}]"}}, {"model": "admin.logentry", "pk": 136, "fields": {"action_time": "2021-06-16T18:24:05.392Z", "user": 1, "content_type": 9, "object_id": "63", "object_repr": "ClassRoom - 4U12", "action_flag": 1, "change_message": "[{\"added\": {}}]"}}, {"model": "admin.logentry", "pk": 137, "fields": {"action_time": "2021-06-16T18:24:19.915Z", "user": 1, "content_type": 9, "object_id": "64", "object_repr": "ClassRoom - 4U13", "action_flag": 1, "change_message": "[{\"added\": {}}]"}}, {"model": "admin.logentry", "pk": 138, "fields": {"action_time": "2021-06-16T18:24:32.793Z", "user": 1, "content_type": 9, "object_id": "65", "object_repr": "ClassRoom - 4U14", "action_flag": 1, "change_message": "[{\"added\": {}}]"}}, {"model": "admin.logentry", "pk": 139, "fields": {"action_time": "2021-06-16T18:24:46.133Z", "user": 1, "content_type": 9, "object_id": "66", "object_repr": "ClassRoom - 5L17", "action_flag": 1, "change_message": "[{\"added\": {}}]"}}, {"model": "admin.logentry", "pk": 140, "fields": {"action_time": "2021-06-16T18:25:01.226Z", "user": 1, "content_type": 9, "object_id": "67", "object_repr": "ClassRoom - 5L21", "action_flag": 1, "change_message": "[{\"added\": {}}]"}}, {"model": "admin.logentry", "pk": 141, "fields": {"action_time": "2021-06-16T18:25:16.074Z", "user": 1, "content_type": 9, "object_id": "68", "object_repr": "ClassRoom - 5L22", "action_flag": 1, "change_message": "[{\"added\": {}}]"}}, {"model": "admin.logentry", "pk": 142, "fields": {"action_time": "2021-06-16T18:26:10.808Z", "user": 1, "content_type": 9, "object_id": "69", "object_repr": "ClassRoom - 5L23", "action_flag": 1, "change_message": "[{\"added\": {}}]"}}, {"model": "admin.logentry", "pk": 143, "fields": {"action_time": "2021-06-16T18:26:27.069Z", "user": 1, "content_type": 9, "object_id": "70", "object_repr": "ClassRoom - 5L47", "action_flag": 1, "change_message": "[{\"added\": {}}]"}}, {"model": "admin.logentry", "pk": 144, "fields": {"action_time": "2021-06-16T18:26:53.826Z", "user": 1, "content_type": 9, "object_id": "71", "object_repr": "ClassRoom - 5L50", "action_flag": 1, "change_message": "[{\"added\": {}}]"}}, {"model": "admin.logentry", "pk": 145, "fields": {"action_time": "2021-06-16T18:27:13.788Z", "user": 1, "content_type": 9, "object_id": "72", "object_repr": "ClassRoom - 5U13", "action_flag": 1, "change_message": "[{\"added\": {}}]"}}, {"model": "admin.logentry", "pk": 146, "fields": {"action_time": "2021-06-16T18:27:31.995Z", "user": 1, "content_type": 9, "object_id": "73", "object_repr": "ClassRoom - 5U14", "action_flag": 1, "change_message": "[{\"added\": {}}]"}}, {"model": "admin.logentry", "pk": 147, "fields": {"action_time": "2021-06-16T18:28:06.240Z", "user": 1, "content_type": 9, "object_id": "74", "object_repr": "ClassRoom - 5U15", "action_flag": 1, "change_message": "[{\"added\": {}}]"}}, {"model": "admin.logentry", "pk": 148, "fields": {"action_time": "2021-06-16T18:45:42.003Z", "user": 1, "content_type": 11, "object_id": "2", "object_repr": "Block 2", "action_flag": 3, "change_message": ""}}, {"model": "admin.logentry", "pk": 149, "fields": {"action_time": "2021-06-17T16:18:38.884Z", "user": 1, "content_type": 7, "object_id": "46", "object_repr": "11B3", "action_flag": 2, "change_message": "[]"}}, {"model": "admin.logentry", "pk": 150, "fields": {"action_time": "2021-06-17T18:43:05.780Z", "user": 1, "content_type": 8, "object_id": "10", "object_repr": "French - Yr7", "action_flag": 2, "change_message": "[{\"changed\": {\"fields\": [\"Name\"]}}]"}}, {"model": "admin.logentry", "pk": 151, "fields": {"action_time": "2021-06-17T18:43:23.149Z", "user": 1, "content_type": 8, "object_id": "13", "object_repr": "Italian - Yr7", "action_flag": 1, "change_message": "[{\"added\": {}}]"}}, {"model": "admin.logentry", "pk": 152, "fields": {"action_time": "2021-06-17T18:43:50.360Z", "user": 1, "content_type": 8, "object_id": "1", "object_repr": "Science - Yr7", "action_flag": 2, "change_message": "[{\"changed\": {\"fields\": [\"Count\"]}}]"}}, {"model": "admin.logentry", "pk": 153, "fields": {"action_time": "2021-06-21T13:51:40.829Z", "user": 1, "content_type": 8, "object_id": "11", "object_repr": "PE - Yr7", "action_flag": 2, "change_message": "[{\"changed\": {\"fields\": [\"Name\", \"Count\"]}}]"}}, {"model": "admin.logentry", "pk": 154, "fields": {"action_time": "2021-06-21T13:51:51.886Z", "user": 1, "content_type": 8, "object_id": "14", "object_repr": "Dance - Yr7", "action_flag": 1, "change_message": "[{\"added\": {}}]"}}, {"model": "admin.logentry", "pk": 155, "fields": {"action_time": "2021-06-21T14:23:04.581Z", "user": 1, "content_type": 8, "object_id": "4", "object_repr": "Computing - Yr7", "action_flag": 2, "change_message": "[{\"changed\": {\"fields\": [\"Name\"]}}]"}}, {"model": "admin.logentry", "pk": 156, "fields": {"action_time": "2021-06-21T14:57:22.870Z", "user": 1, "content_type": 8, "object_id": "11", "object_repr": "PE - Yr7", "action_flag": 2, "change_message": "[{\"changed\": {\"fields\": [\"Count\"]}}]"}}, {"model": "admin.logentry", "pk": 157, "fields": {"action_time": "2021-06-21T16:27:53.949Z", "user": 1, "content_type": 8, "object_id": "15", "object_repr": "Forestry Outdoors - Yr7", "action_flag": 1, "change_message": "[{\"added\": {}}]"}}, {"model": "admin.logentry", "pk": 158, "fields": {"action_time": "2021-06-21T16:29:38.864Z", "user": 1, "content_type": 8, "object_id": "11", "object_repr": "PE KS3 - Yr7", "action_flag": 2, "change_message": "[{\"changed\": {\"fields\": [\"Name\"]}}]"}}, {"model": "admin.logentry", "pk": 159, "fields": {"action_time": "2021-06-21T16:30:05.206Z", "user": 1, "content_type": 8, "object_id": "12", "object_repr": "Music - Yr7", "action_flag": 2, "change_message": "[{\"changed\": {\"fields\": [\"Name\"]}}]"}}, {"model": "admin.logentry", "pk": 160, "fields": {"action_time": "2021-06-21T16:30:14.427Z", "user": 1, "content_type": 8, "object_id": "16", "object_repr": "Drama - Yr7", "action_flag": 1, "change_message": "[{\"added\": {}}]"}}, {"model": "admin.logentry", "pk": 161, "fields": {"action_time": "2021-06-21T16:31:19.324Z", "user": 1, "content_type": 8, "object_id": "17", "object_repr": "D&T - Yr7", "action_flag": 1, "change_message": "[{\"added\": {}}]"}}, {"model": "admin.logentry", "pk": 162, "fields": {"action_time": "2021-06-21T16:32:37.049Z", "user": 1, "content_type": 8, "object_id": "18", "object_repr": "D&T - Yr8", "action_flag": 1, "change_message": "[{\"added\": {}}]"}}, {"model": "admin.logentry", "pk": 163, "fields": {"action_time": "2021-06-21T16:32:50.068Z", "user": 1, "content_type": 8, "object_id": "19", "object_repr": "Drama - Yr8", "action_flag": 1, "change_message": "[{\"added\": {}}]"}}, {"model": "admin.logentry", "pk": 164, "fields": {"action_time": "2021-06-21T16:38:28.081Z", "user": 1, "content_type": 8, "object_id": "20", "object_repr": "Forestry Outdoors - Yr8", "action_flag": 1, "change_message": "[{\"added\": {}}]"}}, {"model": "admin.logentry", "pk": 165, "fields": {"action_time": "2021-06-21T16:38:47.594Z", "user": 1, "content_type": 8, "object_id": "21", "object_repr": "Dance - Yr8", "action_flag": 1, "change_message": "[{\"added\": {}}]"}}, {"model": "admin.logentry", "pk": 166, "fields": {"action_time": "2021-06-21T16:39:04.159Z", "user": 1, "content_type": 8, "object_id": "19", "object_repr": "Drama - Yr8", "action_flag": 2, "change_message": "[{\"changed\": {\"fields\": [\"Block\"]}}]"}}, {"model": "admin.logentry", "pk": 167, "fields": {"action_time": "2021-06-21T16:39:26.459Z", "user": 1, "content_type": 8, "object_id": "22", "object_repr": "Italian - Yr8", "action_flag": 1, "change_message": "[{\"added\": {}}]"}}, {"model": "admin.logentry", "pk": 168, "fields": {"action_time": "2021-06-21T16:40:03.278Z", "user": 1, "content_type": 8, "object_id": "23", "object_repr": "Music - Yr8", "action_flag": 1, "change_message": "[{\"added\": {}}]"}}, {"model": "admin.logentry", "pk": 169, "fields": {"action_time": "2021-06-21T16:40:21.542Z", "user": 1, "content_type": 8, "object_id": "24", "object_repr": "PE KS3 - Yr8", "action_flag": 1, "change_message": "[{\"added\": {}}]"}}, {"model": "admin.logentry", "pk": 170, "fields": {"action_time": "2021-06-21T16:40:31.467Z", "user": 1, "content_type": 8, "object_id": "25", "object_repr": "French - Yr8", "action_flag": 1, "change_message": "[{\"added\": {}}]"}}, {"model": "admin.logentry", "pk": 171, "fields": {"action_time": "2021-06-21T16:41:43.326Z", "user": 1, "content_type": 8, "object_id": "26", "object_repr": "AP - Yr8", "action_flag": 1, "change_message": "[{\"added\": {}}]"}}, {"model": "admin.logentry", "pk": 172, "fields": {"action_time": "2021-06-21T16:41:56.011Z", "user": 1, "content_type": 8, "object_id": "27", "object_repr": "Art - Yr8", "action_flag": 1, "change_message": "[{\"added\": {}}]"}}, {"model": "admin.logentry", "pk": 173, "fields": {"action_time": "2021-06-21T16:42:34.332Z", "user": 1, "content_type": 8, "object_id": "28", "object_repr": "History - Yr8", "action_flag": 1, "change_message": "[{\"added\": {}}]"}}, {"model": "admin.logentry", "pk": 174, "fields": {"action_time": "2021-06-21T16:42:59.932Z", "user": 1, "content_type": 8, "object_id": "29", "object_repr": "PSHE - Yr8", "action_flag": 1, "change_message": "[{\"added\": {}}]"}}, {"model": "admin.logentry", "pk": 175, "fields": {"action_time": "2021-06-21T16:43:12.309Z", "user": 1, "content_type": 8, "object_id": "30", "object_repr": "Geography - Yr8", "action_flag": 1, "change_message": "[{\"added\": {}}]"}}, {"model": "admin.logentry", "pk": 176, "fields": {"action_time": "2021-06-21T16:43:30.869Z", "user": 1, "content_type": 8, "object_id": "31", "object_repr": "Computing - Yr8", "action_flag": 1, "change_message": "[{\"added\": {}}]"}}, {"model": "admin.logentry", "pk": 177, "fields": {"action_time": "2021-06-21T16:44:21.108Z", "user": 1, "content_type": 8, "object_id": "32", "object_repr": "Maths - Yr8", "action_flag": 1, "change_message": "[{\"added\": {}}]"}}, {"model": "admin.logentry", "pk": 178, "fields": {"action_time": "2021-06-21T16:44:31.028Z", "user": 1, "content_type": 8, "object_id": "33", "object_repr": "English - Yr8", "action_flag": 1, "change_message": "[{\"added\": {}}]"}}, {"model": "admin.logentry", "pk": 179, "fields": {"action_time": "2021-06-21T16:44:53.589Z", "user": 1, "content_type": 8, "object_id": "34", "object_repr": "Science - Yr8", "action_flag": 1, "change_message": "[{\"added\": {}}]"}}, {"model": "admin.logentry", "pk": 180, "fields": {"action_time": "2021-06-21T17:49:25.193Z", "user": 1, "content_type": 4, "object_id": "1", "object_repr": "user", "action_flag": 2, "change_message": "[{\"changed\": {\"fields\": [\"First name\", \"Last name\"]}}]"}}, {"model": "admin.logentry", "pk": 181, "fields": {"action_time": "2021-06-22T15:14:30.723Z", "user": 1, "content_type": 13, "object_id": "3", "object_repr": "Timeslot object (3)", "action_flag": 1, "change_message": "[{\"added\": {}}]"}}, {"model": "admin.logentry", "pk": 182, "fields": {"action_time": "2021-06-22T16:23:53.673Z", "user": 1, "content_type": 13, "object_id": "4", "object_repr": "Timeslot object (4)", "action_flag": 3, "change_message": ""}}, {"model": "admin.logentry", "pk": 183, "fields": {"action_time": "2021-06-23T16:20:09.013Z", "user": 1, "content_type": 10, "object_id": "2", "object_repr": "Mr Swift", "action_flag": 2, "change_message": "[{\"changed\": {\"fields\": [\"Room\"]}}]"}}, {"model": "admin.logentry", "pk": 184, "fields": {"action_time": "2021-06-23T16:20:28.720Z", "user": 1, "content_type": 10, "object_id": "1", "object_repr": "Mr Stevens", "action_flag": 2, "change_message": "[{\"changed\": {\"fields\": [\"Room\"]}}]"}}, {"model": "admin.logentry", "pk": 185, "fields": {"action_time": "2021-06-23T19:46:22.670Z", "user": 1, "content_type": 13, "object_id": "8", "object_repr": "Timeslot object (8)", "action_flag": 1, "change_message": "[{\"added\": {}}]"}}, {"model": "admin.logentry", "pk": 186, "fields": {"action_time": "2021-06-25T10:49:45.613Z", "user": 1, "content_type": 10, "object_id": "2", "object_repr": "Mr Swift", "action_flag": 2, "change_message": "[{\"changed\": {\"fields\": [\"SubjectTeach\"]}}]"}}, {"model": "admin.logentry", "pk": 187, "fields": {"action_time": "2021-06-25T12:00:34.875Z", "user": 1, "content_type": 10, "object_id": "2", "object_repr": "Mr Swift", "action_flag": 2, "change_message": "[{\"changed\": {\"fields\": [\"SubjectTeach\"]}}]"}}, {"model": "admin.logentry", "pk": 188, "fields": {"action_time": "2021-06-29T17:30:00.326Z", "user": 1, "content_type": 10, "object_id": "4", "object_repr": "Mr Clarkson", "action_flag": 1, "change_message": "[{\"added\": {}}]"}}, {"model": "admin.logentry", "pk": 189, "fields": {"action_time": "2021-06-29T17:30:52.490Z", "user": 1, "content_type": 10, "object_id": "4", "object_repr": "Mr Clarkson", "action_flag": 2, "change_message": "[{\"changed\": {\"fields\": [\"SubjectTeach\"]}}]"}}, {"model": "admin.logentry", "pk": 190, "fields": {"action_time": "2021-06-30T19:05:20.353Z", "user": 1, "content_type": 12, "object_id": "8", "object_repr": "Yr12", "action_flag": 1, "change_message": "[{\"added\": {}}]"}}, {"model": "admin.logentry", "pk": 191, "fields": {"action_time": "2021-06-30T19:05:27.657Z", "user": 1, "content_type": 12, "object_id": "9", "object_repr": "Yr13", "action_flag": 1, "change_message": "[{\"added\": {}}]"}}, {"model": "admin.logentry", "pk": 192, "fields": {"action_time": "2021-06-30T19:05:33.764Z", "user": 1, "content_type": 12, "object_id": "10", "object_repr": "Yr14", "action_flag": 1, "change_message": "[{\"added\": {}}]"}}, {"model": "admin.logentry", "pk": 193, "fields": {"action_time": "2021-07-05T13:27:26.368Z", "user": 1, "content_type": 10, "object_id": "5", "object_repr": "Mr Connor", "action_flag": 1, "change_message": "[{\"added\": {}}]"}}, {"model": "admin.logentry", "pk": 194, "fields": {"action_time": "2021-07-05T13:31:55.709Z", "user": 1, "content_type": 10, "object_id": "2", "object_repr": "Mr Swift", "action_flag": 2, "change_message": "[{\"changed\": {\"fields\": [\"LessonsWeekly\"]}}]"}}, {"model": "admin.logentry", "pk": 195, "fields": {"action_time": "2021-07-06T17:21:57.911Z", "user": 1, "content_type": 13, "object_id": "7", "object_repr": "Timeslot object (7)", "action_flag": 3, "change_message": ""}}, {"model": "admin.logentry", "pk": 196, "fields": {"action_time": "2021-07-06T17:22:06.760Z", "user": 1, "content_type": 13, "object_id": "6", "object_repr": "Timeslot object (6)", "action_flag": 3, "change_message": ""}}, {"model": "admin.logentry", "pk": 197, "fields": {"action_time": "2021-07-13T14:05:15.473Z", "user": 1, "content_type": 3, "object_id": "1", "object_repr": "admin", "action_flag": 1, "change_message": "[{\"added\": {}}]"}}, {"model": "admin.logentry", "pk": 198, "fields": {"action_time": "2021-07-13T14:06:57.267Z", "user": 1, "content_type": 3, "object_id": "2", "object_repr": "observer", "action_flag": 1, "change_message": "[{\"added\": {}}]"}}, {"model": "admin.logentry", "pk": 199, "fields": {"action_time": "2021-07-13T14:12:12.479Z", "user": 1, "content_type": 4, "object_id": "1", "object_repr": "admin", "action_flag": 2, "change_message": "[{\"changed\": {\"fields\": [\"Username\"]}}]"}}, {"model": "admin.logentry", "pk": 200, "fields": {"action_time": "2021-07-13T14:12:48.467Z", "user": 1, "content_type": 4, "object_id": "2", "object_repr": "user", "action_flag": 1, "change_message": "[{\"added\": {}}]"}}, {"model": "admin.logentry", "pk": 201, "fields": {"action_time": "2021-07-13T14:13:05.177Z", "user": 1, "content_type": 4, "object_id": "2", "object_repr": "user", "action_flag": 2, "change_message": "[{\"changed\": {\"fields\": [\"First name\"]}}]"}}, {"model": "admin.logentry", "pk": 202, "fields": {"action_time": "2021-07-14T18:30:02.703Z", "user": 1, "content_type": 13, "object_id": "14", "object_repr": "Timeslot object (14)", "action_flag": 3, "change_message": ""}}, {"model": "auth.permission", "pk": 1, "fields": {"name": "Can add log entry", "content_type": 1, "codename": "add_logentry"}}, {"model": "auth.permission", "pk": 2, "fields": {"name": "Can change log entry", "content_type": 1, "codename": "change_logentry"}}, {"model": "auth.permission", "pk": 3, "fields": {"name": "Can delete log entry", "content_type": 1, "codename": "delete_logentry"}}, {"model": "auth.permission", "pk": 4, "fields": {"name": "Can view log entry", "content_type": 1, "codename": "view_logentry"}}, {"model": "auth.permission", "pk": 5, "fields": {"name": "Can add permission", "content_type": 2, "codename": "add_permission"}}, {"model": "auth.permission", "pk": 6, "fields": {"name": "Can change permission", "content_type": 2, "codename": "change_permission"}}, {"model": "auth.permission", "pk": 7, "fields": {"name": "Can delete permission", "content_type": 2, "codename": "delete_permission"}}, {"model": "auth.permission", "pk": 8, "fields": {"name": "Can view permission", "content_type": 2, "codename": "view_permission"}}, {"model": "auth.permission", "pk": 9, "fields": {"name": "Can add group", "content_type": 3, "codename": "add_group"}}, {"model": "auth.permission", "pk": 10, "fields": {"name": "Can change group", "content_type": 3, "codename": "change_group"}}, {"model": "auth.permission", "pk": 11, "fields": {"name": "Can delete group", "content_type": 3, "codename": "delete_group"}}, {"model": "auth.permission", "pk": 12, "fields": {"name": "Can view group", "content_type": 3, "codename": "view_group"}}, {"model": "auth.permission", "pk": 13, "fields": {"name": "Can add user", "content_type": 4, "codename": "add_user"}}, {"model": "auth.permission", "pk": 14, "fields": {"name": "Can change user", "content_type": 4, "codename": "change_user"}}, {"model": "auth.permission", "pk": 15, "fields": {"name": "Can delete user", "content_type": 4, "codename": "delete_user"}}, {"model": "auth.permission", "pk": 16, "fields": {"name": "Can view user", "content_type": 4, "codename": "view_user"}}, {"model": "auth.permission", "pk": 17, "fields": {"name": "Can add content type", "content_type": 5, "codename": "add_contenttype"}}, {"model": "auth.permission", "pk": 18, "fields": {"name": "Can change content type", "content_type": 5, "codename": "change_contenttype"}}, {"model": "auth.permission", "pk": 19, "fields": {"name": "Can delete content type", "content_type": 5, "codename": "delete_contenttype"}}, {"model": "auth.permission", "pk": 20, "fields": {"name": "Can view content type", "content_type": 5, "codename": "view_contenttype"}}, {"model": "auth.permission", "pk": 21, "fields": {"name": "Can add session", "content_type": 6, "codename": "add_session"}}, {"model": "auth.permission", "pk": 22, "fields": {"name": "Can change session", "content_type": 6, "codename": "change_session"}}, {"model": "auth.permission", "pk": 23, "fields": {"name": "Can delete session", "content_type": 6, "codename": "delete_session"}}, {"model": "auth.permission", "pk": 24, "fields": {"name": "Can view session", "content_type": 6, "codename": "view_session"}}, {"model": "auth.permission", "pk": 25, "fields": {"name": "Can add class group", "content_type": 7, "codename": "add_classgroup"}}, {"model": "auth.permission", "pk": 26, "fields": {"name": "Can change class group", "content_type": 7, "codename": "change_classgroup"}}, {"model": "auth.permission", "pk": 27, "fields": {"name": "Can delete class group", "content_type": 7, "codename": "delete_classgroup"}}, {"model": "auth.permission", "pk": 28, "fields": {"name": "Can view class group", "content_type": 7, "codename": "view_classgroup"}}, {"model": "auth.permission", "pk": 29, "fields": {"name": "Can add subject", "content_type": 8, "codename": "add_subject"}}, {"model": "auth.permission", "pk": 30, "fields": {"name": "Can change subject", "content_type": 8, "codename": "change_subject"}}, {"model": "auth.permission", "pk": 31, "fields": {"name": "Can delete subject", "content_type": 8, "codename": "delete_subject"}}, {"model": "auth.permission", "pk": 32, "fields": {"name": "Can view subject", "content_type": 8, "codename": "view_subject"}}, {"model": "auth.permission", "pk": 33, "fields": {"name": "Can add room", "content_type": 9, "codename": "add_room"}}, {"model": "auth.permission", "pk": 34, "fields": {"name": "Can change room", "content_type": 9, "codename": "change_room"}}, {"model": "auth.permission", "pk": 35, "fields": {"name": "Can delete room", "content_type": 9, "codename": "delete_room"}}, {"model": "auth.permission", "pk": 36, "fields": {"name": "Can view room", "content_type": 9, "codename": "view_room"}}, {"model": "auth.permission", "pk": 37, "fields": {"name": "Can add teacher", "content_type": 10, "codename": "add_teacher"}}, {"model": "auth.permission", "pk": 38, "fields": {"name": "Can change teacher", "content_type": 10, "codename": "change_teacher"}}, {"model": "auth.permission", "pk": 39, "fields": {"name": "Can delete teacher", "content_type": 10, "codename": "delete_teacher"}}, {"model": "auth.permission", "pk": 40, "fields": {"name": "Can view teacher", "content_type": 10, "codename": "view_teacher"}}, {"model": "auth.permission", "pk": 41, "fields": {"name": "Can add block", "content_type": 11, "codename": "add_block"}}, {"model": "auth.permission", "pk": 42, "fields": {"name": "Can change block", "content_type": 11, "codename": "change_block"}}, {"model": "auth.permission", "pk": 43, "fields": {"name": "Can delete block", "content_type": 11, "codename": "delete_block"}}, {"model": "auth.permission", "pk": 44, "fields": {"name": "Can view block", "content_type": 11, "codename": "view_block"}}, {"model": "auth.permission", "pk": 45, "fields": {"name": "Can add year group", "content_type": 12, "codename": "add_yeargroup"}}, {"model": "auth.permission", "pk": 46, "fields": {"name": "Can change year group", "content_type": 12, "codename": "change_yeargroup"}}, {"model": "auth.permission", "pk": 47, "fields": {"name": "Can delete year group", "content_type": 12, "codename": "delete_yeargroup"}}, {"model": "auth.permission", "pk": 48, "fields": {"name": "Can view year group", "content_type": 12, "codename": "view_yeargroup"}}, {"model": "auth.permission", "pk": 49, "fields": {"name": "Can add timeslot", "content_type": 13, "codename": "add_timeslot"}}, {"model": "auth.permission", "pk": 50, "fields": {"name": "Can change timeslot", "content_type": 13, "codename": "change_timeslot"}}, {"model": "auth.permission", "pk": 51, "fields": {"name": "Can delete timeslot", "content_type": 13, "codename": "delete_timeslot"}}, {"model": "auth.permission", "pk": 52, "fields": {"name": "Can view timeslot", "content_type": 13, "codename": "view_timeslot"}}, {"model": "auth.permission", "pk": 53, "fields": {"name": "Can add auth token", "content_type": 14, "codename": "add_authtoken"}}, {"model": "auth.permission", "pk": 54, "fields": {"name": "Can change auth token", "content_type": 14, "codename": "change_authtoken"}}, {"model": "auth.permission", "pk": 55, "fields": {"name": "Can delete auth token", "content_type": 14, "codename": "delete_authtoken"}}, {"model": "auth.permission", "pk": 56, "fields": {"name": "Can view auth token", "content_type": 14, "codename": "view_authtoken"}}, {"model": "auth.group", "pk": 1, "fields": {"name": "admin", "permissions": [1, 2, 3, 4, 41, 42, 43, 44, 25, 26, 27, 28, 33, 34, 35, 36, 29, 30, 31, 32, 37, 38, 39, 40, 49, 50, 51, 52, 45, 46, 47, 48, 9, 10, 11, 12, 5, 6, 7, 8, 13, 14, 15, 16, 17, 18, 19, 20, 53, 54, 55, 56, 21, 22, 23, 24]}}, {"model": "auth.group", "pk": 2, "fields": {"name": "observer", "permissions": [4, 44, 28, 36, 32, 40, 52, 48, 12, 8, 16, 20, 56, 24]}}, {"model": "auth.user", "pk": 1, "fields": {"password": "pbkdf2_sha256$260000$TDURRK3aEQB1YHX2X1pAYR$/ota/1kzUaYEudHjhJUuPJTNDbBv78KPOC2vAqxNxfg=", "last_login": "2021-07-13T14:03:58Z", "is_superuser": true, "username": "admin", "first_name": "Richard", "last_name": "Coric", "email": "rcoric03@gmail.com", "is_staff": true, "is_active": true, "date_joined": "2021-06-10T16:38:57Z", "groups": [], "user_permissions": []}}, {"model": "auth.user", "pk": 2, "fields": {"password": "pbkdf2_sha256$260000$xuZwRim7XbcdiYRvq7jk2F$8OqcQp7Rxz/J4RjBM0gUa1LQkku9cJwC9/YuIYHAL1o=", "last_login": null, "is_superuser": false, "username": "user", "first_name": "User", "last_name": "", "email": "", "is_staff": false, "is_active": true, "date_joined": "2021-07-13T14:12:46Z", "groups": [], "user_permissions": []}}, {"model": "contenttypes.contenttype", "pk": 1, "fields": {"app_label": "admin", "model": "logentry"}}, {"model": "contenttypes.contenttype", "pk": 2, "fields": {"app_label": "auth", "model": "permission"}}, {"model": "contenttypes.contenttype", "pk": 3, "fields": {"app_label": "auth", "model": "group"}}, {"model": "contenttypes.contenttype", "pk": 4, "fields": {"app_label": "auth", "model": "user"}}, {"model": "contenttypes.contenttype", "pk": 5, "fields": {"app_label": "contenttypes", "model": "contenttype"}}, {"model": "contenttypes.contenttype", "pk": 6, "fields": {"app_label": "sessions", "model": "session"}}, {"model": "contenttypes.contenttype", "pk": 7, "fields": {"app_label": "api", "model": "classgroup"}}, {"model": "contenttypes.contenttype", "pk": 8, "fields": {"app_label": "api", "model": "subject"}}, {"model": "contenttypes.contenttype", "pk": 9, "fields": {"app_label": "api", "model": "room"}}, {"model": "contenttypes.contenttype", "pk": 10, "fields": {"app_label": "api", "model": "teacher"}}, {"model": "contenttypes.contenttype", "pk": 11, "fields": {"app_label": "api", "model": "block"}}, {"model": "contenttypes.contenttype", "pk": 12, "fields": {"app_label": "api", "model": "yeargroup"}}, {"model": "contenttypes.contenttype", "pk": 13, "fields": {"app_label": "api", "model": "timeslot"}}, {"model": "contenttypes.contenttype", "pk": 14, "fields": {"app_label": "knox", "model": "authtoken"}}, {"model": "sessions.session", "pk": "16tgjt5ay3mpxn1wast3ooxvl59ns7yt", "fields": {"session_data": ".eJxVjDsOwjAQBe_iGllef4KhpOcM0Xp3jQPIluKkQtwdIqWA9s3Me6kR16WMa5d5nFidFajD75aQHlI3wHest6ap1WWekt4UvdOur43ledndv4OCvXxrOpHJlBLAEMFZ748WMQQ3CBKFDIEdRcsSDAdILmZDRJ6ERTygJPX-APN9OQE:1lwTsX:PMLy_udovbGpQeXlTltSJiwr0sJLKDCRNJ3bLy1VbPI", "expire_date": "2021-07-08T18:15:05.467Z"}}, {"model": "sessions.session", "pk": "91x848ltcgfqldsjspj21lnzluvfjhr3", "fields": {"session_data": ".eJxVjDsOwjAQBe_iGllef4KhpOcM0Xp3jQPIluKkQtwdIqWA9s3Me6kR16WMa5d5nFidFajD75aQHlI3wHest6ap1WWekt4UvdOur43ledndv4OCvXxrOpHJlBLAEMFZ748WMQQ3CBKFDIEdRcsSDAdILmZDRJ6ERTygJPX-APN9OQE:1m3J14:gN9-NkrtzB6zeZcXVQVUHF7K2dZIWnsR4aJtaJDR4QA", "expire_date": "2021-07-27T14:04:06.441Z"}}, {"model": "sessions.session", "pk": "q37btn7n3p4io83ozxjcoq3ix9i7utpf", "fields": {"session_data": ".eJxVjDsOwjAQBe_iGllef4KhpOcM0Xp3jQPIluKkQtwdIqWA9s3Me6kR16WMa5d5nFidFajD75aQHlI3wHest6ap1WWekt4UvdOur43ledndv4OCvXxrOpHJlBLAEMFZ748WMQQ3CBKFDIEdRcsSDAdILmZDRJ6ERTygJPX-APN9OQE:1lrNkz:v-nW1M3YiAI-L9dt4oMPAEsjiefN2zF2GAs-P0iOiCQ", "expire_date": "2021-06-24T16:42:13.023Z"}}, {"model": "api.timeslot", "pk": 3, "fields": {"Day": "Mon", "Unit": "Unit2", "Teacher": 1, "Room": 3, "Subject": 1, "ClassGroup": 5}}, {"model": "api.timeslot", "pk": 5, "fields": {"Day": "Mon", "Unit": "Unit3", "Teacher": 2, "Room": 5, "Subject": 3, "ClassGroup": 5}}, {"model": "api.timeslot", "pk": 8, "fields": {"Day": "Tue", "Unit": "Unit1", "Teacher": 1, "Room": 5, "Subject": 8, "ClassGroup": 2}}, {"model": "api.timeslot", "pk": 9, "fields": {"Day": "Mon", "Unit": "Unit5", "Teacher": 5, "Room": 28, "Subject": 3, "ClassGroup": 5}}, {"model": "api.timeslot", "pk": 10, "fields": {"Day": "Mon", "Unit": "Unit5", "Teacher": 4, "Room": 4, "Subject": 2, "ClassGroup": 3}}, {"model": "api.timeslot", "pk": 19, "fields": {"Day": "Mon", "Unit": "Unit1", "Teacher": 2, "Room": 11, "Subject": 4, "ClassGroup": 1}}, {"model": "api.timeslot", "pk": 20, "fields": {"Day": "Mon", "Unit": "Unit1", "Teacher": 5, "Room": 28, "Subject": 3, "ClassGroup": 2}}, {"model": "api.teacher", "pk": 1, "fields": {"name": "Mr Stevens", "LessonsWeekly": 5, "Room": [51], "SubjectTeach": [2]}}, {"model": "api.teacher", "pk": 2, "fields": {"name": "Mr Swift", "LessonsWeekly": 5, "Room": [10, 11, 13, 19, 33, 53, 58], "SubjectTeach": [4, 31]}}, {"model": "api.teacher", "pk": 4, "fields": {"name": "Mr Clarkson", "LessonsWeekly": 1, "Room": [4], "SubjectTeach": [2, 4, 32]}}, {"model": "api.teacher", "pk": 5, "fields": {"name": "Mr Connor", "LessonsWeekly": 10, "Room": [28], "SubjectTeach": [3, 33]}}, {"model": "api.block", "pk": 1, "fields": {"name": 1}}, {"model": "api.block", "pk": 3, "fields": {"name": 3}}, {"model": "api.block", "pk": 4, "fields": {"name": 4}}, {"model": "api.block", "pk": 5, "fields": {"name": 5}}, {"model": "api.room", "pk": 3, "fields": {"RoomNumber": "1L01", "Description": "Science", "Capacity": 30, "Block": 1, "RoomType": "ClassRoom"}}, {"model": "api.room", "pk": 4, "fields": {"RoomNumber": "1L02", "Description": "Science", "Capacity": 30, "Block": 1, "RoomType": "ClassRoom"}}, {"model": "api.room", "pk": 5, "fields": {"RoomNumber": "1L07", "Description": "Science", "Capacity": 30, "Block": 1, "RoomType": "ClassRoom"}}, {"model": "api.room", "pk": 6, "fields": {"RoomNumber": "1L08", "Description": "Science", "Capacity": 30, "Block": 1, "RoomType": "ClassRoom"}}, {"model": "api.room", "pk": 7, "fields": {"RoomNumber": "1L10", "Description": "Science", "Capacity": 30, "Block": 1, "RoomType": "ClassRoom"}}, {"model": "api.room", "pk": 8, "fields": {"RoomNumber": "1L11", "Description": "Science", "Capacity": 30, "Block": 1, "RoomType": "ClassRoom"}}, {"model": "api.room", "pk": 9, "fields": {"RoomNumber": "1L15", "Description": "Science", "Capacity": 30, "Block": 1, "RoomType": "ClassRoom"}}, {"model": "api.room", "pk": 10, "fields": {"RoomNumber": "1L25", "Description": "Computing", "Capacity": 30, "Block": 1, "RoomType": "ComputerRoom"}}, {"model": "api.room", "pk": 11, "fields": {"RoomNumber": "1L26", "Description": "Computing", "Capacity": 30, "Block": 1, "RoomType": "ComputerRoom"}}, {"model": "api.room", "pk": 12, "fields": {"RoomNumber": "1L27", "Description": "Food", "Capacity": 22, "Block": 1, "RoomType": "ClassRoom"}}, {"model": "api.room", "pk": 13, "fields": {"RoomNumber": "1L29", "Description": "Computing", "Capacity": 30, "Block": 1, "RoomType": "ComputerRoom"}}, {"model": "api.room", "pk": 14, "fields": {"RoomNumber": "1L30", "Description": "Art", "Capacity": 30, "Block": 1, "RoomType": "ClassRoom"}}, {"model": "api.room", "pk": 15, "fields": {"RoomNumber": "1L37", "Description": "Art", "Capacity": 30, "Block": 1, "RoomType": "ClassRoom"}}, {"model": "api.room", "pk": 16, "fields": {"RoomNumber": "1L39", "Description": "Art", "Capacity": 30, "Block": 1, "RoomType": "ClassRoom"}}, {"model": "api.room", "pk": 17, "fields": {"RoomNumber": "1L40", "Description": "Art", "Capacity": 30, "Block": 1, "RoomType": "ClassRoom"}}, {"model": "api.room", "pk": 18, "fields": {"RoomNumber": "1L47", "Description": "Construction", "Capacity": 25, "Block": 1, "RoomType": "ClassRoom"}}, {"model": "api.room", "pk": 19, "fields": {"RoomNumber": "1L50", "Description": "Computing", "Capacity": 30, "Block": 1, "RoomType": "ComputerRoom"}}, {"model": "api.room", "pk": 20, "fields": {"RoomNumber": "1U01", "Description": "English", "Capacity": 30, "Block": 1, "RoomType": "ClassRoom"}}, {"model": "api.room", "pk": 21, "fields": {"RoomNumber": "1U02", "Description": "English", "Capacity": 30, "Block": 1, "RoomType": "ClassRoom"}}, {"model": "api.room", "pk": 22, "fields": {"RoomNumber": "1U03", "Description": "English", "Capacity": 30, "Block": 1, "RoomType": "ClassRoom"}}, {"model": "api.room", "pk": 23, "fields": {"RoomNumber": "1U04", "Description": "English", "Capacity": 30, "Block": 1, "RoomType": "ClassRoom"}}, {"model": "api.room", "pk": 24, "fields": {"RoomNumber": "1U05", "Description": "English", "Capacity": 30, "Block": 1, "RoomType": "ClassRoom"}}, {"model": "api.room", "pk": 25, "fields": {"RoomNumber": "1U07", "Description": "English", "Capacity": 30, "Block": 1, "RoomType": "ClassRoom"}}, {"model": "api.room", "pk": 26, "fields": {"RoomNumber": "1U10", "Description": "English", "Capacity": 30, "Block": 1, "RoomType": "ClassRoom"}}, {"model": "api.room", "pk": 27, "fields": {"RoomNumber": "1U11", "Description": "English", "Capacity": 30, "Block": 1, "RoomType": "ClassRoom"}}, {"model": "api.room", "pk": 28, "fields": {"RoomNumber": "1U12", "Description": "English", "Capacity": 30, "Block": 1, "RoomType": "ClassRoom"}}, {"model": "api.room", "pk": 29, "fields": {"RoomNumber": "1U13", "Description": "English", "Capacity": 30, "Block": 1, "RoomType": "ClassRoom"}}, {"model": "api.room", "pk": 30, "fields": {"RoomNumber": "1U14", "Description": "English", "Capacity": 30, "Block": 1, "RoomType": "ClassRoom"}}, {"model": "api.room", "pk": 31, "fields": {"RoomNumber": "3L04", "Description": "Hums", "Capacity": 30, "Block": 3, "RoomType": "ClassRoom"}}, {"model": "api.room", "pk": 32, "fields": {"RoomNumber": "3L05", "Description": "Hums", "Capacity": 30, "Block": 3, "RoomType": "ClassRoom"}}, {"model": "api.room", "pk": 33, "fields": {"RoomNumber": "3L06", "Description": "ICT", "Capacity": 30, "Block": 3, "RoomType": "ComputerRoom"}}, {"model": "api.room", "pk": 34, "fields": {"RoomNumber": "3L14", "Description": "Hums", "Capacity": 30, "Block": 3, "RoomType": "ClassRoom"}}, {"model": "api.room", "pk": 35, "fields": {"RoomNumber": "3L15", "Description": "Hums", "Capacity": 30, "Block": 3, "RoomType": "ClassRoom"}}, {"model": "api.room", "pk": 36, "fields": {"RoomNumber": "3L16", "Description": "Hums", "Capacity": 30, "Block": 3, "RoomType": "ClassRoom"}}, {"model": "api.room", "pk": 37, "fields": {"RoomNumber": "3L17", "Description": "Hums", "Capacity": 30, "Block": 3, "RoomType": "ClassRoom"}}, {"model": "api.room", "pk": 38, "fields": {"RoomNumber": "3L18", "Description": "Hums", "Capacity": 30, "Block": 3, "RoomType": "ClassRoom"}}, {"model": "api.room", "pk": 39, "fields": {"RoomNumber": "3L19", "Description": "Hums", "Capacity": 30, "Block": 3, "RoomType": "ClassRoom"}}, {"model": "api.room", "pk": 40, "fields": {"RoomNumber": "3L25", "Description": "Science", "Capacity": 30, "Block": 3, "RoomType": "ClassRoom"}}, {"model": "api.room", "pk": 41, "fields": {"RoomNumber": "3L26", "Description": "Science", "Capacity": 30, "Block": 3, "RoomType": "ClassRoom"}}, {"model": "api.room", "pk": 42, "fields": {"RoomNumber": "3U04", "Description": "P16", "Capacity": 15, "Block": 3, "RoomType": "ClassRoom"}}, {"model": "api.room", "pk": 43, "fields": {"RoomNumber": "3U05", "Description": "P16", "Capacity": 15, "Block": 3, "RoomType": "ClassRoom"}}, {"model": "api.room", "pk": 44, "fields": {"RoomNumber": "3U06", "Description": "P16", "Capacity": 15, "Block": 3, "RoomType": "ClassRoom"}}, {"model": "api.room", "pk": 45, "fields": {"RoomNumber": "3U07", "Description": "P16", "Capacity": 15, "Block": 3, "RoomType": "ClassRoom"}}, {"model": "api.room", "pk": 46, "fields": {"RoomNumber": "3U08", "Description": "P16", "Capacity": 20, "Block": 3, "RoomType": "ClassRoom"}}, {"model": "api.room", "pk": 47, "fields": {"RoomNumber": "3U17", "Description": "Maths", "Capacity": 30, "Block": 3, "RoomType": "ClassRoom"}}, {"model": "api.room", "pk": 48, "fields": {"RoomNumber": "3U18", "Description": "Maths", "Capacity": 30, "Block": 3, "RoomType": "ClassRoom"}}, {"model": "api.room", "pk": 49, "fields": {"RoomNumber": "3U19", "Description": "Maths", "Capacity": 30, "Block": 3, "RoomType": "ClassRoom"}}, {"model": "api.room", "pk": 50, "fields": {"RoomNumber": "3U20", "Description": "Maths", "Capacity": 30, "Block": 3, "RoomType": "ClassRoom"}}, {"model": "api.room", "pk": 51, "fields": {"RoomNumber": "3U21", "Description": "Maths", "Capacity": 30, "Block": 3, "RoomType": "ClassRoom"}}, {"model": "api.room", "pk": 52, "fields": {"RoomNumber": "3U22", "Description": "Maths", "Capacity": 30, "Block": 3, "RoomType": "ClassRoom"}}, {"model": "api.room", "pk": 53, "fields": {"RoomNumber": "3U23", "Description": "ICT", "Capacity": 25, "Block": 3, "RoomType": "ComputerRoom"}}, {"model": "api.room", "pk": 54, "fields": {"RoomNumber": "3U25", "Description": "Maths", "Capacity": 30, "Block": 3, "RoomType": "ClassRoom"}}, {"model": "api.room", "pk": 55, "fields": {"RoomNumber": "3U26", "Description": "Maths", "Capacity": 30, "Block": 3, "RoomType": "ClassRoom"}}, {"model": "api.room", "pk": 56, "fields": {"RoomNumber": "4U04", "Description": "PE", "Capacity": 25, "Block": 4, "RoomType": "ComputerRoom"}}, {"model": "api.room", "pk": 57, "fields": {"RoomNumber": "4U05", "Description": "BSt", "Capacity": 20, "Block": 4, "RoomType": "ClassRoom"}}, {"model": "api.room", "pk": 58, "fields": {"RoomNumber": "4U06", "Description": "ICT", "Capacity": 30, "Block": 4, "RoomType": "ComputerRoom"}}, {"model": "api.room", "pk": 59, "fields": {"RoomNumber": "4U07", "Description": "BSt", "Capacity": 30, "Block": 4, "RoomType": "ClassRoom"}}, {"model": "api.room", "pk": 60, "fields": {"RoomNumber": "4U08", "Description": "BSt", "Capacity": 30, "Block": 4, "RoomType": "ClassRoom"}}, {"model": "api.room", "pk": 61, "fields": {"RoomNumber": "4U09", "Description": "BSt", "Capacity": 30, "Block": 4, "RoomType": "ClassRoom"}}, {"model": "api.room", "pk": 62, "fields": {"RoomNumber": "4U10", "Description": "MFL", "Capacity": 30, "Block": 4, "RoomType": "ClassRoom"}}, {"model": "api.room", "pk": 63, "fields": {"RoomNumber": "4U12", "Description": "MFL", "Capacity": 30, "Block": 4, "RoomType": "ClassRoom"}}, {"model": "api.room", "pk": 64, "fields": {"RoomNumber": "4U13", "Description": "MFL", "Capacity": 30, "Block": 4, "RoomType": "ClassRoom"}}, {"model": "api.room", "pk": 65, "fields": {"RoomNumber": "4U14", "Description": "MFL", "Capacity": 30, "Block": 4, "RoomType": "ClassRoom"}}, {"model": "api.room", "pk": 66, "fields": {"RoomNumber": "5L17", "Description": "Dr St", "Capacity": 30, "Block": 5, "RoomType": "ClassRoom"}}, {"model": "api.room", "pk": 67, "fields": {"RoomNumber": "5L21", "Description": "Da St", "Capacity": 30, "Block": 5, "RoomType": "ClassRoom"}}, {"model": "api.room", "pk": 68, "fields": {"RoomNumber": "5L22", "Description": "Dr St", "Capacity": 30, "Block": 5, "RoomType": "ClassRoom"}}, {"model": "api.room", "pk": 69, "fields": {"RoomNumber": "5L23", "Description": "Music", "Capacity": 30, "Block": 5, "RoomType": "ClassRoom"}}, {"model": "api.room", "pk": 70, "fields": {"RoomNumber": "5L47", "Description": "Da St", "Capacity": 30, "Block": 5, "RoomType": "ClassRoom"}}, {"model": "api.room", "pk": 71, "fields": {"RoomNumber": "5L50", "Description": "Sp Hall", "Capacity": 60, "Block": 5, "RoomType": "ClassRoom"}}, {"model": "api.room", "pk": 72, "fields": {"RoomNumber": "5U13", "Description": "Nurture", "Capacity": 20, "Block": 5, "RoomType": "ClassRoom"}}, {"model": "api.room", "pk": 73, "fields": {"RoomNumber": "5U14", "Description": "Nurture", "Capacity": 20, "Block": 5, "RoomType": "ClassRoom"}}, {"model": "api.room", "pk": 74, "fields": {"RoomNumber": "5U15", "Description": "Nurture", "Capacity": 20, "Block": 5, "RoomType": "ClassRoom"}}, {"model": "api.yeargroup", "pk": 1, "fields": {"name": "Yr7", "classes": [1, 2, 3, 4, 5, 6]}}, {"model": "api.yeargroup", "pk": 2, "fields": {"name": "Yr8", "classes": [23, 24, 25, 26, 27, 28]}}, {"model": "api.yeargroup", "pk": 3, "fields": {"name": "Yr9", "classes": [29, 30, 31, 32, 33, 34]}}, {"model": "api.yeargroup", "pk": 4, "fields": {"name": "Yr10", "classes": [35, 36, 37, 38, 39, 40]}}, {"model": "api.yeargroup", "pk": 5, "fields": {"name": "Yr11", "classes": [41, 42, 43, 44, 45, 46]}}, {"model": "api.yeargroup", "pk": 8, "fields": {"name": "Yr12", "classes": []}}, {"model": "api.yeargroup", "pk": 9, "fields": {"name": "Yr13", "classes": []}}, {"model": "api.yeargroup", "pk": 10, "fields": {"name": "Yr14", "classes": []}}, {"model": "api.classgroup", "pk": 1, "fields": {"classCode": "7A1", "NumOfPupils": 25, "Subjects": []}}, {"model": "api.classgroup", "pk": 2, "fields": {"classCode": "7A2", "NumOfPupils": 30, "Subjects": []}}, {"model": "api.classgroup", "pk": 3, "fields": {"classCode": "7A3", "NumOfPupils": 30, "Subjects": []}}, {"model": "api.classgroup", "pk": 4, "fields": {"classCode": "7B1", "NumOfPupils": 30, "Subjects": []}}, {"model": "api.classgroup", "pk": 5, "fields": {"classCode": "7B2", "NumOfPupils": 30, "Subjects": []}}, {"model": "api.classgroup", "pk": 6, "fields": {"classCode": "7B3", "NumOfPupils": 30, "Subjects": []}}, {"model": "api.classgroup", "pk": 23, "fields": {"classCode": "8A1", "NumOfPupils": 29, "Subjects": []}}, {"model": "api.classgroup", "pk": 24, "fields": {"classCode": "8B1", "NumOfPupils": 23, "Subjects": []}}, {"model": "api.classgroup", "pk": 25, "fields": {"classCode": "8A2", "NumOfPupils": 20, "Subjects": []}}, {"model": "api.classgroup", "pk": 26, "fields": {"classCode": "8B2", "NumOfPupils": 31, "Subjects": []}}, {"model": "api.classgroup", "pk": 27, "fields": {"classCode": "8A3", "NumOfPupils": 21, "Subjects": []}}, {"model": "api.classgroup", "pk": 28, "fields": {"classCode": "8B3", "NumOfPupils": 29, "Subjects": []}}, {"model": "api.classgroup", "pk": 29, "fields": {"classCode": "9A1", "NumOfPupils": 22, "Subjects": []}}, {"model": "api.classgroup", "pk": 30, "fields": {"classCode": "9B1", "NumOfPupils": 25, "Subjects": []}}, {"model": "api.classgroup", "pk": 31, "fields": {"classCode": "9A2", "NumOfPupils": 26, "Subjects": []}}, {"model": "api.classgroup", "pk": 32, "fields": {"classCode": "9B2", "NumOfPupils": 25, "Subjects": []}}, {"model": "api.classgroup", "pk": 33, "fields": {"classCode": "9A3", "NumOfPupils": 21, "Subjects": []}}, {"model": "api.classgroup", "pk": 34, "fields": {"classCode": "9B3", "NumOfPupils": 23, "Subjects": []}}, {"model": "api.classgroup", "pk": 35, "fields": {"classCode": "10A1", "NumOfPupils": 35, "Subjects": []}}, {"model": "api.classgroup", "pk": 36, "fields": {"classCode": "10B1", "NumOfPupils": 32, "Subjects": []}}, {"model": "api.classgroup", "pk": 37, "fields": {"classCode": "10A2", "NumOfPupils": 24, "Subjects": []}}, {"model": "api.classgroup", "pk": 38, "fields": {"classCode": "10B2", "NumOfPupils": 31, "Subjects": []}}, {"model": "api.classgroup", "pk": 39, "fields": {"classCode": "10A3", "NumOfPupils": 29, "Subjects": []}}, {"model": "api.classgroup", "pk": 40, "fields": {"classCode": "10B3", "NumOfPupils": 31, "Subjects": []}}, {"model": "api.classgroup", "pk": 41, "fields": {"classCode": "11A1", "NumOfPupils": 34, "Subjects": []}}, {"model": "api.classgroup", "pk": 42, "fields": {"classCode": "11B1", "NumOfPupils": 27, "Subjects": []}}, {"model": "api.classgroup", "pk": 43, "fields": {"classCode": "11A2", "NumOfPupils": 30, "Subjects": []}}, {"model": "api.classgroup", "pk": 44, "fields": {"classCode": "11B2", "NumOfPupils": 29, "Subjects": []}}, {"model": "api.classgroup", "pk": 45, "fields": {"classCode": "11A3", "NumOfPupils": 30, "Subjects": []}}, {"model": "api.classgroup", "pk": 46, "fields": {"classCode": "11B3", "NumOfPupils": 23, "Subjects": []}}, {"model": "api.classgroup", "pk": 47, "fields": {"classCode": "7-Nurture", "NumOfPupils": 22, "Subjects": []}}, {"model": "api.classgroup", "pk": 48, "fields": {"classCode": "8-Nurture", "NumOfPupils": 23, "Subjects": []}}, {"model": "api.classgroup", "pk": 49, "fields": {"classCode": "9-Nurture", "NumOfPupils": 15, "Subjects": []}}, {"model": "api.classgroup", "pk": 50, "fields": {"classCode": "10-Nurture", "NumOfPupils": 14, "Subjects": []}}, {"model": "api.classgroup", "pk": 51, "fields": {"classCode": "11-Nurture", "NumOfPupils": 22, "Subjects": []}}, {"model": "api.subject", "pk": 1, "fields": {"name": "Science", "block": 3, "yearGroup": 1, "Count": 1}}, {"model": "api.subject", "pk": 2, "fields": {"name": "Maths", "block": 3, "yearGroup": 1, "Count": 4}}, {"model": "api.subject", "pk": 3, "fields": {"name": "English", "block": 4, "yearGroup": 1, "Count": 4}}, {"model": "api.subject", "pk": 4, "fields": {"name": "Computing", "block": 3, "yearGroup": 1, "Count": 1}}, {"model": "api.subject", "pk": 5, "fields": {"name": "Geography", "block": 3, "yearGroup": 1, "Count": 2}}, {"model": "api.subject", "pk": 6, "fields": {"name": "PSHE", "block": null, "yearGroup": 1, "Count": 1}}, {"model": "api.subject", "pk": 7, "fields": {"name": "History", "block": 3, "yearGroup": 1, "Count": 2}}, {"model": "api.subject", "pk": 8, "fields": {"name": "Art", "block": 1, "yearGroup": 1, "Count": 1}}, {"model": "api.subject", "pk": 9, "fields": {"name": "AP", "block": null, "yearGroup": 1, "Count": 5}}, {"model": "api.subject", "pk": 10, "fields": {"name": "French", "block": 4, "yearGroup": 1, "Count": 2}}, {"model": "api.subject", "pk": 11, "fields": {"name": "PE KS3", "block": 5, "yearGroup": 1, "Count": 2}}, {"model": "api.subject", "pk": 12, "fields": {"name": "Music", "block": 5, "yearGroup": 1, "Count": 1}}, {"model": "api.subject", "pk": 13, "fields": {"name": "Italian", "block": 4, "yearGroup": 1, "Count": 2}}, {"model": "api.subject", "pk": 14, "fields": {"name": "Dance", "block": 5, "yearGroup": 1, "Count": 1}}, {"model": "api.subject", "pk": 15, "fields": {"name": "Forestry Outdoors", "block": 5, "yearGroup": 1, "Count": 1}}, {"model": "api.subject", "pk": 16, "fields": {"name": "Drama", "block": 5, "yearGroup": 1, "Count": 1}}, {"model": "api.subject", "pk": 17, "fields": {"name": "D&T", "block": 1, "yearGroup": 1, "Count": 1}}, {"model": "api.subject", "pk": 18, "fields": {"name": "D&T", "block": 1, "yearGroup": 2, "Count": 1}}, {"model": "api.subject", "pk": 19, "fields": {"name": "Drama", "block": 5, "yearGroup": 2, "Count": 1}}, {"model": "api.subject", "pk": 20, "fields": {"name": "Forestry Outdoors", "block": 5, "yearGroup": 2, "Count": 1}}, {"model": "api.subject", "pk": 21, "fields": {"name": "Dance", "block": 5, "yearGroup": 2, "Count": 1}}, {"model": "api.subject", "pk": 22, "fields": {"name": "Italian", "block": 4, "yearGroup": 2, "Count": 2}}, {"model": "api.subject", "pk": 23, "fields": {"name": "Music", "block": 5, "yearGroup": 2, "Count": 1}}, {"model": "api.subject", "pk": 24, "fields": {"name": "PE KS3", "block": 5, "yearGroup": 2, "Count": 2}}, {"model": "api.subject", "pk": 25, "fields": {"name": "French", "block": 4, "yearGroup": 2, "Count": 2}}, {"model": "api.subject", "pk": 26, "fields": {"name": "AP", "block": null, "yearGroup": 2, "Count": 5}}, {"model": "api.subject", "pk": 27, "fields": {"name": "Art", "block": 1, "yearGroup": 2, "Count": 1}}, {"model": "api.subject", "pk": 28, "fields": {"name": "History", "block": 3, "yearGroup": 2, "Count": 2}}, {"model": "api.subject", "pk": 29, "fields": {"name": "PSHE", "block": null, "yearGroup": 2, "Count": 1}}, {"model": "api.subject", "pk": 30, "fields": {"name": "Geography", "block": 3, "yearGroup": 2, "Count": 2}}, {"model": "api.subject", "pk": 31, "fields": {"name": "Computing", "block": 3, "yearGroup": 2, "Count": 1}}, {"model": "api.subject", "pk": 32, "fields": {"name": "Maths", "block": 3, "yearGroup": 2, "Count": 4}}, {"model": "api.subject", "pk": 33, "fields": {"name": "English", "block": 1, "yearGroup": 2, "Count": 4}}, {"model": "api.subject", "pk": 34, "fields": {"name": "Science", "block": 3, "yearGroup": 2, "Count": 1}}, {"model": "knox.authtoken", "pk": "2683d2b57ffeb3438b8044c5de61b999bf83045499908714f4ccc321af0795d54c71e77a07375959abb8a48d70f7d2960956e75be53e3029bf518adf98093405", "fields": {"token_key": "ba98fd70", "salt": "1eca69cb69aae0a7", "user": 2, "created": "2021-07-20T11:16:16.850Z", "expiry": "2021-07-20T21:16:16.850Z"}}]